{
  "Deb": [
    {
      "phrase": "Hi, I'm Deb. I make the compost around these parts with my sister.",
      "replies": [
        {
          "phrase": "What's with the bucket of worms?",
          "dialouge_num": 1,
          "quest": -1
        },
        {
          "phrase": "Do you need any help?",
          "dialouge_num": 3,
          "quest": -1
        },
        {
          "phrase": "Bye.",
          "dialouge_num": -1,
          "quest": -1
        }
      ],
      "hand_num": -1,
      "amount": 0
    },
    {
      "phrase": "You can turn junk and seeds into compost, right here in this bucket!",
      "replies": [
        {
          "phrase": "Neato, I sure wish I had some junk!",
          "dialouge_num": 2,
          "quest": -1
        },
        {
          "phrase": "Don't care.",
          "dialouge_num": -1,
          "quest": -1
        }
      ],
      "hand_num": -1,
      "amount": 0
    },
    {
      "phrase": "Here, I have some junk in my pockets. Put it in the compost bucket!",
      "replies": [
        {
          "phrase": "Thanks!",
          "dialouge_num": -1,
          "quest": -1
        },
        {
          "phrase": "Do you need any help?",
          "dialouge_num": 3,
          "quest": -1
        }
      ],
      "hand_num": 0,
      "amount": 3
    },
    {
      "phrase": "Sure, get me some junk and I can help the other farmers grow some serious vegetables!",
      "replies": [
        {
          "phrase": "I can get you 20 junk for 50 coins.",
          "dialouge_num": 4,
          "quest": -1
        },
        {
          "phrase": "I don't think I can do that just yet, sorry.",
          "dialouge_num": -1,
          "quest": -1
        }
      ],
      "hand_num": -1,
      "amount": 0
    },
    {
      "phrase": "Great, you have 6 days.",
      "replies": [
        {
          "phrase": "Okay.",
          "dialouge_num": -1,
          "quest": {"name": "Junk for Meb", "goals": [{"class": "TalkingGoal", "npc_name": "Deb", "item_name": "Junk", "amount": 20}], "days": 6, "reward_item": 0, "reward_coins": 50}
        },
        {
          "phrase": "Never mind, bye.",
          "dialouge_num": -1,
          "quest": -1
        }
      ],
      "hand_num": -1,
      "amount": 0
    },
    {
      "phrase": "Thanks so much! I'll put that junk to good use!",
      "replies": [
        {
          "phrase": "Happy to help!",
          "dialouge_num": -1,
          "quest": -1
        },
        {
          "phrase": "Anytime!",
          "dialouge_num": -1,
          "quest": -1
        }
      ],
      "hand_num": -1,
      "amount": 0
    }
  ],
  "Rick": [
    {
      "phrase": "Howdy buddy, I'm Rick but people 'round here call me Cowboy Rick, I'm a strawberry farmer.",
      "replies": [
        {
          "phrase": "Hi Rick ... I mean Cowboy Rick ",
          "dialouge_num": 1,
          "quest": -1
        },
        {
          "phrase": "What do you know about the landlord? How do we keep Cloudy going?",
          "dialouge_num": 3,
          "quest": -1
        },
        {
          "phrase": "Where are all your strawberries?",
          "dialouge_num": 5,
          "quest": -1
        },
        {
          "phrase": "Bye Rick.",
          "dialouge_num": -1,
          "quest": -1
        }
      ],
      "hand_num": -1,
      "amount": 0
    },
    {
      "phrase": "Do you want a few strawberries?",
      "replies": [
        {
          "phrase": "Yes Please!",
          "dialouge_num": 2,
          "quest": -1
        },
        {
          "phrase": "No thanks.",
          "dialouge_num": -1,
          "quest": -1
        }
      ],
      "hand_num": -1,
      "amount": 0
    },
    {
      "phrase": "Here you go. be sure to water them with a sprinkler.",
      "replies": [
        {
          "phrase": "Thanks.",
          "dialouge_num": -1,
          "quest": -1
        }
      ],
      "hand_num": 0,
      "amount": 2
    },
    {
      "phrase": "Cloudy is a simple place. We try to farm and sell anything extra. That man knows we ain't got the ability to make that kind of money...",
      "replies": [
        {
          "phrase": "I can do it ",
          "dialouge_num": -1,
          "quest": -1
        }
      ],
      "hand_num": -1,
      "amount": 0
    },
    {
      "phrase": "I only got a few left, I had to sell a bunch at the market just to do my part in paying for cloudy meadows",
      "replies": [
        {
          "phrase": "Oh that sucks.",
          "dialouge_num": -1,
          "quest": -1
        },
        {
          "phrase": "Whats the market?",
          "dialouge_num": 5,
          "quest": -1
        },
        {
          "phrase": "Bye.",
          "dialouge_num": -1,
          "quest": -1
        }
      ],
      "hand_num": -1,
      "amount": 0
    },
    {
      "phrase": "If you take the bridge above meb and deb you'll be at the market, a place to sell and buy most things you'll need.",
      "replies": [
        {
          "phrase": "Oh thanks for the info.",
          "dialouge_num": -1,
          "quest": -1
        },
        {
          "phrase": "Bye.",
          "dialouge_num": -1,
          "quest": -1
        }
      ],
      "hand_num": -1,
      "amount": 0
    }
  ],
  "Meb": [
    {
      "phrase": "Hi, im Meb, I know she got the better name.",
      "replies": [
        {
          "phrase": "Hi Meb.",
          "dialouge_num": 1,
          "quest": -1
        },
        {
          "phrase": "Bye Meb.",
          "dialouge_num": -1,
          "quest":  -1
        }
      ],
      "hand_num": -1,
      "amount": 0
    },
    {
      "phrase": "Did you know placing compost on dirt helps create a grass tile which has rich soil ready for your hoe.",
      "replies": [
        {
          "phrase": "That's good.",
          "dialouge_num": -1,
          "quest": -1
        },
        {
          "phrase": "Why do the plots turn to dirt?",
          "dialouge_num": 2,
          "quest": -1
        },
        {
          "phrase": "Bye.",
          "dialouge_num": -1,
          "quest": -1
        }
      ],
      "hand_num": -1,
      "amount": 0
    },
    {
      "phrase": "Thats just what happens when you leave a plot open to the air for too long.",
      "replies": [
        {
          "phrase": "Oh ok.",
          "dialouge_num": -1,
          "quest": -1
        }
      ],
      "hand_num": -1,
      "amount": 0
    }
  ],
  "Mario": [
    {
      "phrase": "Hi, it's Mario, that's me",
      "replies": [
        {
          "phrase": "Hello, Mario.",
          "dialouge_num": 1,
          "quest": -1
        },
        {
          "phrase": "Bye.",
          "dialouge_num": -1,
          "quest": -1
        }
      ],
      "hand_num": -1,
      "amount": 0
    },
    {
      "phrase": "I may be the local plumber, but I don't take crap from anybody.",
      "replies": [
        {
          "phrase": "Good for you.",
          "dialouge_num": 2,
          "quest": -1
        },
        {
          "phrase": "Isn't that your job?",
          "dialouge_num": -1,
          "quest": -1
        },
        {
          "phrase": "Bye.",
          "dialouge_num": -1,
          "quest": -1
        }
      ],
      "hand_num": -1,
      "amount": 0
    },
    {
      "phrase": "Thanks, have a sprinkler!",
      "replies": [
        {
          "phrase": "Thank you.",
          "dialouge_num": -1,
          "quest": -1
        }
      ],
      "hand_num": 0,
      "amount": 1
    }
  ],
  "Garry": [
    {
      "phrase": "Hi, I'm Garry, and I'm very tired so please leave me alone.",
      "replies": [
        {
          "phrase": "Oh, okay bye.",
          "dialouge_num": -1,
          "quest": -1
        },
        {
          "phrase": "But why do you sleep so much?",
          "dialouge_num": 1,
          "quest": -1
        }
      ],
      "hand_num": -1,
      "amount": 0
    },
    {
      "phrase": "Cause I got nothing better to do since I don't know how to farm, so I just watch time pass me by, now leave me alone.",
      "replies": [
        {
          "phrase": "Fine.",
          "dialouge_num": -1,
          "quest": -1
        }
      ],
      "hand_num": -1,
      "amount": 0
    }
  ],
  "Mira": [
    {
      "phrase": "Hi, I'm Mira!",
      "replies": [
        {
          "phrase": "Hi Mira.",
          "dialouge_num": 1,
          "quest": -1
        },
        {
          "phrase": "Bye.",
          "dialouge_num": -1,
          "quest": -1
        }
      ],
      "hand_num": -1,
      "amount": 0
    },
    {
      "phrase": "I feel way over dressed",
      "replies": [
        {
          "phrase": "Why are you wearing that dress then?",
          "dialouge_num": 2,
          "quest": -1
        },
        {
          "phrase": "I dont care.",
          "dialouge_num": -1,
          "quest": -1
        }
      ],
      "hand_num": -1,
      "amount": 0
    },
    {
      "phrase": "Cause I rode that graceful air balloon over to the left",
      "replies": [
        {
          "phrase": "Oh that's nice.",
          "dialouge_num": 3,
          "quest": -1
        },
        {
          "phrase": "Bye.",
          "dialouge_num": -1,
          "quest": -1
        }
    ],
    "hand_num": -1,
    "amount": 0
  },
  {
      "phrase": "Ride the air balloon over to the park and then come tell me what you saw - I'll give you a flower",
      "replies": [
        {
          "phrase": "Will do.",
          "dialouge_num": 4,
          "quest": -1
        },
        {
          "phrase": "No thanks.",
          "dialouge_num": -1,
          "quest": -1
        }
    ],
    "hand_num": -1,
    "amount": 0
  },
  {
      "phrase": "Head to Poly Park today and then come back to tell me about it!",
      "replies": [
        {
          "phrase": "Can do.",
          "dialouge_num": -1,
          "quest": {"name": "Ride the Air Ballon", "goals": [{"class": "LocationGoal", "level_name": "Poly Park: Air ballon landing"}, {"class": "TalkingGoal", "npc_name": "Mira", "required_location": "Poly Park: Air ballon landing"}], "days": 3, "reward_item": {"num": 11, "amount": 1}, "reward_coins": 0}
        },
        {
          "phrase": "No thanks.",
          "dialouge_num": -1,
          "quest": -1
        }
    ],
    "hand_num": -1,
    "amount": 0
  }
  ],
  "OldManJ": [
    {
      "phrase": "I Heard you're gonna try to save Cloudy Meadows. I may not be able to help much at my old age, but I'm here if you need any advice!",
      "replies": [
        {
          "phrase": "Please help!",
          "dialouge_num": 1,
          "quest": -1
        },
        {
          "phrase": "Bye.",
          "dialouge_num": -1,
          "quest": -1
        }
      ],
      "hand_num": -1,
      "amount": 0
    },
    {
      "phrase": "What do you want to know about?",
      "replies": [
        {
          "phrase": "How should I get started?",
          "dialouge_num": 2,
          "quest": -1
        },
        {
          "phrase": "Basic Farming.",
          "dialouge_num": 3,
          "quest": -1
        },
        {
          "phrase": "Eating.",
          "dialouge_num": 4,
          "quest": -1
        },
        {
          "phrase": "Watering.",
          "dialouge_num": 5,
          "quest": -1
        },
        {
          "phrase": "Robots?",
          "dialouge_num": 6,
          "quest": -1
        },
        {
          "phrase": "Bye",
          "dialouge_num": -1,
          "quest": -1
        }
      ],
      "hand_num": -1,
      "amount": 0
    },
    {
      "phrase": "Try eating some of that corn you have and plant the seeds. I also heard that the man west of your farm has some extra strawberries!",
      "replies": [
        {
          "phrase": "Thanks, can you help with something else?",
          "dialouge_num": 1,
          "quest": -1
        },
        {
          "phrase": "Thank you, bye.",
          "dialouge_num": -1,
          "quest": -1
        }
      ],
      "hand_num": -1,
      "amount": 0
    },
    {
      "phrase": "First seeds, you can get by buying them or eating crops. Then you grab a hoe to a patch of grass to till it. After you that plant the seeds and wait.",
      "replies": [
        {
          "phrase": "Thanks, can you help with something else?",
          "dialouge_num": 1,
          "quest": -1
        },
        {
          "phrase": "Thank you, bye.",
          "dialouge_num": -1,
          "quest": -1
        }
      ],
      "hand_num": -1,
      "amount": 0
    },
    {
      "phrase": "Press Q to eat food! You'll die if you go hungry, so make sure you've always got food on you.",
      "replies": [
        {
          "phrase": "Thanks, can you help with something else?",
          "dialouge_num": 1,
          "quest": -1
        },
        {
          "phrase": "Thank you, bye.",
          "dialouge_num": -1,
          "quest": -1
        }
      ],
      "hand_num": -1,
      "amount": 0
    },
    {
      "phrase": "Strawberries, Tomatoes, and Watermelons need water to grow properly. You buy sprinklers in the market. Then, stand on grass and press E.",
      "replies": [
        {
          "phrase": "Thanks, can you help with something else?",
          "dialouge_num": 1,
          "quest": -1
        },
        {
          "phrase": "Thank you, bye.",
          "dialouge_num": -1,
          "quest": -1
        }
      ],
      "hand_num": -1,
      "amount": 0
    },
    {
      "phrase": "I don't know much about farming robots, but I heard there is a big automated farm somewhere in the park. You can get there by airship.",
      "replies": [
        {
          "phrase": "Thanks, can you help with something else?",
          "dialouge_num": 1,
          "quest": -1
        },
        {
          "phrase": "Thank you, bye.",
          "dialouge_num": -1,
          "quest": -1
        }
      ],
      "hand_num": -1,
      "amount": 0
    }
  ],
  "Brandon": [
    {
      "phrase": "Hi, I'm Brandon.",
      "replies": [
        {
          "phrase": "Hi Brandon.",
          "dialouge_num": 1,
          "quest": -1
        },
        {
          "phrase": "Bye Brandon.",
          "dialouge_num": -1,
          "quest": -1
        }
      ],
      "hand_num": -1,
      "amount": 0
    },
    {
      "phrase": "I love ladybugs I have made so much more corn thanks to them, although they do leave after they eat all my grass.",
      "replies": [
        {
          "phrase": "Nice to know.",
          "dialouge_num": -1,
          "quest": -1
        },
        {
          "phrase": "Bye.",
          "dialouge_num": -1,
          "quest": -1
        }
      ],
      "hand_num": -1,
      "amount": 0
    }
  ],
  "Brent": [
    {
      "phrase": "Oh geez, man! Oh gosh so many coins, what if we lose Cloudy Meadows?!",
      "replies": [
        {
          "phrase": "Hey man, how's it going?",
          "dialouge_num": 1,
          "quest": -1
        },
        {
          "phrase": "Anything I can do to help?",
          "dialouge_num": 3,
          "quest": -1
        },
        {
          "phrase": "Bye...",
          "dialouge_num": -1,
          "quest": -1
        }
      ],
      "hand_num": -1,
      "amount": 0
    },
    {
      "phrase": "How does it look? Bad bad bad! Oh geez man, what am I gonna do?",
      "replies": [
        {
          "phrase": "You worried about Mr. C?",
          "dialouge_num": 2,
          "quest": -1
        },
        {
          "phrase": "I'm gonna let you cool off.",
          "dialouge_num": -1,
          "quest": -1
        }
      ],
      "hand_num": -1,
      "amount": 0
    },
    {
      "phrase": "Yeah man, I am full on freaking out!",
      "replies": [
        {
          "phrase": "Any way I can help?",
          "dialouge_num": 3,
          "quest": -1
        },
        {
          "phrase": "Sorry bro, good luck.",
          "dialouge_num": -1,
          "quest": -1
        }
      ],
      "hand_num": -1,
      "amount": 0
    },
    {
      "phrase": "Go to Poly Park and tell my mom that I might need a place to stay.",
      "replies": [
        {
          "phrase": "You Got it Brent!",
          "dialouge_num": 4,
          "quest": -1
        },
        {
          "phrase": "I don't know where that is.",
          "dialouge_num": 5,
          "quest": -1
        },
        {
          "phrase": "I can't help right now, sorry.",
          "dialouge_num": -1,
          "quest": -1
        }
      ],
      "hand_num": -1,
      "amount": 0
    },
    {
      "phrase": "Thanks, my mom will know what to do, she is my superhero.",
      "replies": [
        {
          "phrase": "You Got it Brent!",
          "dialouge_num": -1,
          "quest": {"name": "Save Brent", "goals": [{"class": "TellGoal", "npc_name": "Super Tina", "reply_phrase": "Your son needs help"}], "days": 3, "reward_item": {"num": 4, "amount": 5}, "reward_coins": 0}
        }
      ],
      "hand_num": -1,
      "amount": 0
    },
    {
      "phrase": "You might want to take the airship head left for awhile you can't miss it",
      "replies": [
        {
          "phrase": "Okay.",
          "dialouge_num": 6,
          "quest": -1
        }
      ],
      "hand_num": -1,
      "amount": 0
    },
    {
      "phrase": "So do you think you can help me?",
      "replies": [
        {
          "phrase": "You Got it Brent!",
          "dialouge_num": 4,
          "quest": -1
        },
        {
          "phrase": "I can't help right now, sorry.",
          "dialouge_num": -1,
          "quest": -1
        }
      ],
      "hand_num": -1,
      "amount": 0
    },
    {
      "phrase": "As promised, here are some carrots!",
      "replies": [
        {
          "phrase": "Thanks!",
          "dialouge_num": -1,
          "quest": -1
        },
        {
          "phrase": "Much appreciated!",
          "dialouge_num": -1,
          "quest": -1
        }
      ],
      "hand_num": 0,
      "amount": 5
    }
  ],
  "BlindPete": [
    {
      "phrase": "Hi, im Blind Pete",
      "replies": [
        {
          "phrase": "Hi, Blind Pete",
          "dialouge_num": 1,
          "quest": -1
        },
        {
          "phrase": "Bye",
          "dialouge_num": -1,
          "quest": -1
        }
      ],
      "hand_num": -1,
      "amount": 0
    },
    {
      "phrase": "Can you move the rock that sits at the market, I keep running into it",
      "replies": [
        {
          "phrase": "When I have enough money, Sure.",
          "dialouge_num": 3,
          "quest": -1
        },
        {
          "phrase": "Why is the rock there?",
          "dialouge_num": 2,
          "quest": -1
        },
        {
          "phrase": "Bye.",
          "dialouge_num": -1,
          "quest": -1
        }
      ],
      "hand_num": -1,
      "amount": 0
    },
    {
      "phrase": "Idk how it got there but i've heard there are some really big grass plots over there",
      "replies": [
        {
          "phrase": "Oh now I want to move it.",
          "dialouge_num": 3,
          "quest": -1
        },
        {
          "phrase": "Bye.",
          "dialouge_num": -1,
          "quest": -1
        }
      ],
      "hand_num": -1,
      "amount": 0
    },
    {
      "phrase": "Okay take your time.",
      "replies": [
        {
          "phrase": "Ok will do.",
          "dialouge_num": -1,
          "quest": {"name": "Move That Rock", "goals": [{"class": "OneTileCheck", "tile_name": "Bridge",  "old_tile_name": "Rock", "level_name": "Cloudy Meadows: Market", "x": 22, "y": 8}], "days": 30, "reward_item": 0, "reward_coins": 500}
        },
        {
          "phrase": "No thanks.",
          "dialouge_num": -1,
          "quest": -1
        }
      ],
      "hand_num": -1,
      "amount": 0
    },
    {
      "phrase": "Much appreciated! You made my day!",
      "replies": [
        {
          "phrase": "Happy to help!",
          "dialouge_num": -1,
          "quest": -1
        },
        {
          "phrase": "No problem!",
          "dialouge_num": -1,
          "quest": -1
        }
      ],
      "hand_num": -1,
      "amount": 0
    }
  ],
  "James": [
    {
      "phrase": "Hi, im James.",
      "replies": [
        {
          "phrase": "Hi James.",
          "dialouge_num": 1,
          "quest": -1
        },
        {
          "phrase": "Liam sent you a love letter",
          "dialouge_num": 3,
          "quest": -1
        },
        {
          "phrase": "Bye.",
          "dialouge_num": -1,
          "quest": -1
        }
      ],
      "hand_num": -1,
      "amount": 0
    },
    {
      "phrase": "The red cart on the bottom is where we put anything we want to sell.",
      "replies": [
        {
          "phrase": "Tell me more about the market please.",
          "dialouge_num": 2,
          "quest": -1
        },
        {
          "phrase": "I already know that James.",
          "dialouge_num": -1,
          "quest": -1
        },
        {
          "phrase": "Bye.",
          "dialouge_num": -1,
          "quest": -1
        }
      ],
      "hand_num": -1,
      "amount": 0
    },
 
    {
      "phrase": "There are carts for vegetables fruits and insects, they run out of stock but they'll fill back up every day or so.",
      "replies": [
        {
          "phrase": "Thanks, that was super helpful James.",
          "dialouge_num": -1,
          "quest": -1
        },
        {
          "phrase": "I already know that James.",
          "dialouge_num": -1,
          "quest": -1
        },
        {
          "phrase": "Bye.",
          "dialouge_num": -1,
          "quest": -1
        }
      ],
      "hand_num": -1,
      "amount": 0
    },
    {
      "phrase": "A love letter from Liam? Thanks for telling me. Thanks for your help, take cherry.",
      "replies": [
        {
          "phrase": "Glad to help.",
          "dialouge_num": -1,
          "quest": -1
        }
      ],
      "hand_num": -1,
      "amount": 0
    }
  ],
  "Liam": [
    {
      "phrase": "Hi, I'm Liam",
      "replies": [
        {
          "phrase": "Hi Liam, anything I can do to help?",
          "dialouge_num": 1,
          "quest": -1
        },
        {
          "phrase": "Bye.",
          "dialouge_num": -1,
          "quest": -1
        }
      ],
      "hand_num": -1,
      "amount": 0
    },
    {
      "phrase": "I love James, can you give him this love letter for me?",
      "replies": [
        {
          "phrase": "Yeah I can do that!",
          "dialouge_num": 2,
          "quest": -1
        },
        {
          "phrase": "What do I look like, your love letter collector? I have other things to do.",
          "dialouge_num": -1,
          "quest": -1
        },
        {
          "phrase": "No sorry I can't do that right now.",
          "dialouge_num": -1,
          "quest": -1
        }
      ],
      "hand_num": -1,
      "amount": 0
    },
    {
      "phrase": "I love James, thanks.",
      "replies": [
        {
          "phrase": ":)",
          "dialouge_num": 4,
          "quest": -1
        },
        {
          "phrase": "Where is James?",
          "dialouge_num": 3,
          "quest": -1
        }
      ],
      "hand_num": -1,
      "amount": 0
    },
    {
      "phrase": "James likes to hang out in the market. Blonde hair, hot bod can't miss him",
      "replies": [
        {
          "phrase": ":)",
          "dialouge_num": 4,
          "quest": -1
        },
        {
          "phrase": "Uh okay.",
          "dialouge_num": -1,
          "quest": -1
        }
      ],
      "hand_num": -1,
      "amount": 0
    },
    {
      "phrase": "Ok but please deliver it today.",
      "replies": [
        {
          "phrase": "Will do.",
          "dialouge_num": -1,
          "quest": {"name": "Love letter Delivery", "goals": [{"class": "LocationGoal", "level_name": "Cloudy Meadows: Market"}, {"class": "TellGoal", "npc_name": "James", "reply_phrase": "Liam sent you a love letter", "required_location": "Cloudy Meadows: Market"}], "days": 3, "reward_item": {"num": 10, "amount": 1}, "reward_coins": 0}
        }
      ],
      "hand_num": -1,
      "amount": 0
    },
    {
      "phrase": "Thanks so much! As a little gift, have this cherry!",
      "replies": [
        {
          "phrase": "Thanks!",
          "dialouge_num": -1,
          "quest": -1
        },
        {
          "phrase": "That's sweet!",
          "dialouge_num": -1,
          "quest": -1
        }
      ],
      "hand_num": 0,
      "amount": 1
    }
  ],
  "Zoda": [
    {
      "phrase": "Hi, I’m Zoda, I’d call myself a robot expert. Need to know anything?",
      "replies": [
        {
          "phrase": "Yeah",
          "dialouge_num": 1,
          "quest": -1
        },
        {
          "phrase": "No",
          "dialouge_num": -1,
          "quest": -1
        }
      ],
      "hand_num": -1,
      "amount": 0
    },
    {
      "phrase": "Well what do you wanna know about?",
      "replies": [
        {
          "phrase": "How to start?",
          "dialouge_num": 2,
          "quest": -1
        },
        {
          "phrase": "Robot levels",
          "dialouge_num": 3,
          "quest": -1
        },
        {
          "phrase": "Robot Fuel",
          "dialouge_num": 4,
          "quest": -1
        },
        {
          "phrase": "Are they worth it?",
          "dialouge_num": 5,
          "quest": -1
        },
        {
          "phrase": "What does the color of the floppy mean?",
          "dialouge_num": 6,
          "quest": -1
        },
        {
          "phrase": "What’s the pc for?",
          "dialouge_num": 7,
          "quest": -1
        },
        {
          "phrase": "How do I make them farm?",
          "dialouge_num": 8,
          "quest": -1
        },
        {
          "phrase": "My plants aren't growing.",
          "dialouge_num": 11,
          "quest": -1
        },
        {
          "phrase": "Nevermind, bye",
          "dialouge_num": -1,
          "quest": -1
        }
      ],
      "hand_num": -1,
      "amount": 0
    },
    {
      "phrase": "Well you need a robot of your own, I can give you one of my favorite robots if you do a couple things for me, I'll give you a lvl 1 robot.",
      "replies": [
        {
          "phrase": "You got a deal",
          "dialouge_num": 10,
          "quest": -1
        },
        {
          "phrase": "WHA why is a lvl 1 your favorite?",
          "dialouge_num": 9,
          "quest": -1
        },
        {
          "phrase": "Wait one more thing",
          "dialouge_num": 1,
          "quest": -1
        },
        {
          "phrase": "Ok thanks",
          "dialouge_num": -1,
          "quest": -1
        }
      ],
      "hand_num": -1,
      "amount": 0
    },
    {
      "phrase": "Robots come in 3 levels, lvl 1 has the smallest inv and instruction space, then each level just adds space to both.",
      "replies": [
        {
          "phrase": "Wait one more thing",
          "dialouge_num": 1,
          "quest": -1
        },
        {
          "phrase": "Ok thanks",
          "dialouge_num": -1,
          "quest": -1
        }
      ],
      "hand_num": -1,
      "amount": 0
    },
    {
      "phrase": "Lvl1 recharges with Veggie Oil that you get from a press, Lvl2 recharges when standing on a sprinkler, Lvl3 runs off sunlight",
      "replies": [
        {
          "phrase": "Wait one more thing",
          "dialouge_num": 1,
          "quest": -1
        },
        {
          "phrase": "Ok thanks",
          "dialouge_num": -1,
          "quest": -1
        }
      ],
      "hand_num": -1,
      "amount": 0
    },
    {
      "phrase": "Well can't you see my entire farm runs off of robots?",
      "replies": [
        {
          "phrase": "Wait one more thing",
          "dialouge_num": 1,
          "quest": -1
        },
        {
          "phrase": "Ok thanks",
          "dialouge_num": -1,
          "quest": -1
        }
      ],
      "hand_num": -1,
      "amount": 0
    },
    {
      "phrase": "Red Floppys are for movement based commands, Blue Floppys are for item based commands, and Green Floppys are for logic based commands.",
      "replies": [
        {
          "phrase": "Wait one more thing",
          "dialouge_num": 1,
          "quest": -1
        },
        {
          "phrase": "Ok thanks",
          "dialouge_num": -1,
          "quest": -1
        }
      ],
      "hand_num": -1,
      "amount": 0
    },
    {
      "phrase": "The pc will program a few floppy disks into one golden floppy disk, all you gotta do is put a gold floppy in the pc and add what you want.",
      "replies": [
        {
          "phrase": "Wait one more thing",
          "dialouge_num": 1,
          "quest": -1
        },
        {
          "phrase": "Ok thanks",
          "dialouge_num": -1,
          "quest": -1
        }
      ],
      "hand_num": -1,
      "amount": 0
    },
    {
      "phrase": "The easiest way to learn how to program them would be to just go look at my robots, They range from simple hoeing, to complex farming systems.",
      "replies": [
        {
          "phrase": "Wait one more thing",
          "dialouge_num": 1,
          "quest": -1
        },
        {
          "phrase": "Ok thanks",
          "dialouge_num": -1,
          "quest": -1
        }
      ],
      "hand_num": -1,
      "amount": 0
    },
    {
      "phrase": "Oh just cause its orange :p",
      "replies": [
        {
          "phrase": "Oh ok",
          "dialouge_num": -1,
          "quest": -1
        }
      ],
      "hand_num": -1,
      "amount": 0
    },
    {
      "phrase" : "Ok you have 3 days",
      "replies": [
        {
          "phrase": "You got it!",
          "dialouge_num": -1,
          "quest": {"name": "Free Robot", "goals": [{"class": "TalkingGoal", "npc_name": "Zoda", "item_name": "Strawberries", "amount": 20}], "days": 3, "reward_item": {"num": 27, "amount": 1}, "reward_coins": 0}
        },
        {
          "phrase": "Actually never mind",
          "dialouge_num": -1,
          "quest": -1
        }
      ],
      "hand_num": -1,
      "amount": 0
    },
    {
      "phrase": "Sadly plants don't like it when something stands on them so they won't grow.",
      "replies": [
        {
          "phrase": "Wait one more thing",
          "dialouge_num": 1,
          "quest": -1
        },
        {
          "phrase": "Ok thanks",
          "dialouge_num": -1,
          "quest": -1
        }
      ],
      "hand_num": -1,
      "amount": 0
    }
  ],
  "Super Tina": [
    {
      "phrase": "Hi, im SUUUUPER Tina",
      "replies": [
        {
          "phrase": "Hi, Supper Tina",
          "dialouge_num": 1,
          "quest": -1
        },
        {
          "phrase": "Cloud meadows could use a super heros help right now",
          "dialouge_num": 2,
          "quest": -1
        },
        {
          "phrase": "Your son needs help",
          "dialouge_num": 3,
          "quest": -1
        },
        {
          "phrase": "Bye",
          "dialouge_num": -1,
          "quest": -1
        }
      ],
      "hand_num": -1,
      "amount": 0
    },
    {
      "phrase": "Well, let me know if I can help you.",
      "replies": [
        {
          "phrase": "Actually yes I need help.",
          "dialouge_num": 2,
          "quest": -1
        },
        {
          "phrase": "I don't need help right now super tina.",
          "dialouge_num": -1,
          "quest": -1
        }
      ],
      "hand_num": -1,
      "amount": 0
    },
    {
      "phrase": "I’ve been told that ladybugs increase how much product your crops produce, but the effect doesn't cross bridges.",
      "replies": [
        {
          "phrase": "Thanks for the info.",
          "dialouge_num": -1,
          "quest": -1
        },
        {
          "phrase": "That wasn't helpful.",
          "dialouge_num": -1,
          "quest": -1
        }
      ],
      "hand_num": -1,
      "amount": 0
    },
    {
      "phrase": "Brent needs help? I am on my way!",
      "replies": [
        {
          "phrase": "Thank you!",
          "dialouge_num": -1,
          "quest": -1
        }
      ],
      "hand_num": -1,
      "amount": 0
    }
  ],
  "Guy": [
    {
      "phrase": "These here part sure are nice ",
      "replies": [
        {
          "phrase": "Cool man",
          "dialouge_num": 1,
          "quest": -1
        },
        {
          "phrase": "yea whatever",
          "dialouge_num": -1,
          "quest": -1
        }
      ],
      "hand_num": -1,
      "amount": 0
    },    {
      "phrase": "These here part sure are nice Buy all the seeds you want ",
      "replies": [
        {
          "phrase": "Why can't I sell anything",
          "dialouge_num": 2,
          "quest": -1
        },
        {
          "phrase": "yea whatever",
          "dialouge_num": -1,
          "quest": -1
        }
      ],
      "hand_num": -1,
      "amount": 0
    },
    {
      "phrase": "Well I guess I just have everything a GUY could need",
      "replies": [
        {
          "phrase": "yea whatever",
          "dialouge_num": -1,
          "quest": -1
        }
      ],
      "hand_num": -1,
      "amount": 0
    },
    {
      "phrase": "As promised, here's that level 1 robot!",
      "replies": [
        {
          "phrase": "Thanks so much!",
          "dialouge_num": -1,
          "quest": -1
        },
        {
          "phrase": "This is awesome!",
          "dialouge_num": -1,
          "quest": -1
        }
      ],
      "hand_num": 0,
      "amount": 1
    }
  ],
  "Vinny": [
    {
      "phrase": "Mind your own business kid",
      "replies": [
        {
          "phrase": "Hey man cool off",
          "dialouge_num": 1,
          "quest": -1
        },
        {
          "phrase": "You got it sir",
          "dialouge_num": -1,
          "quest": -1
        },
        {
          "phrase": "...Whats this?",
          "dialouge_num": 2,
          "quest": -1
        }
      ],
      "hand_num": -1,
      "amount": 0
    },
    {
      "phrase": "Do you want to have an issue with me kid",
      "replies": [
        {
          "phrase": "No sir sorry sir",
          "dialouge_num": -1,
          "quest": -1
        }
      ],
      "hand_num": -1,
      "amount": 0
    },
    {
      "phrase": "It’s my own personal market, now buy something or get lost!",
      "replies": [
        {
          "phrase": "Ok ok ok",
          "dialouge_num": -1,
          "quest": -1
        }
      ],
      "hand_num": -1,
      "amount": 0
    }
  ],
  "Kenny": [
    {
      "phrase": "Hi, im Kenny I am just hanging in the swamp I don't live here",
      "replies": [
        {
          "phrase": "Hi, Kenny",
          "dialouge_num": 1,
          "quest": -1
        },
        {
          "phrase": "Bye",
          "dialouge_num": -1,
          "quest": -1
        }
      ],
      "hand_num": -1,
      "amount": 0
    },
    {
      "phrase": "Fireflies make it really easy to see what is happening in the swamp",
      "replies": [
        {
          "phrase": "Oh that's what they are.",
          "dialouge_num": 2,
          "quest": -1
        },
        {
          "phrase": "Oh ok bye .",
          "dialouge_num": -1,
          "quest": -1
        }
      ],
      "hand_num": -1,
      "amount": 0
    },
    {
      "phrase": "Yep to be honest there is not much to do in the swamp, any reason your here?",
      "replies": [
        {
          "phrase": "No not really",
          "dialouge_num": -1,
          "quest": -1
        },
        {
          "phrase": "Oh ok bye .",
          "dialouge_num": -1,
          "quest": -1
        }
      ],
      "hand_num": -1,
      "amount": 0
    }
  ],
  "Ishmil": [
    {
      "phrase": "Hi, I'm Ishmil",
      "replies": [
        {
          "phrase": "Hi, Ishmil",
          "dialouge_num": 1,
          "quest": -1
        },
        {
          "phrase": "Geez man your naked?",
          "dialouge_num": 1,
          "quest": -1
        },
        {
          "phrase": "ew bye ",
          "dialouge_num": -1,
          "quest": -1
        }
      ],
      "hand_num": -1,
      "amount": 0
    },
    {
      "phrase": "Yea I don't like pants man their prisons for your body ",
      "replies": [
        {
          "phrase": "That's cool",
          "dialouge_num": 2,
          "quest": -1
        },
        {
          "phrase": "that's a bit weird but I can respect it",
          "dialouge_num": 2,
          "quest": -1
        },
        {
          "phrase": "I can see your penis, yea no Bye.",
          "dialouge_num": -1,
          "quest": -1
        }
      ],
      "hand_num": -1,
      "amount": 0
    },
    {
      "phrase": "I only have one piece of clothing left I'll give it to you if you help me out",
      "replies": [
        {
          "phrase": "Consider it done",
          "dialouge_num": 3,
          "quest": -1
         
        },
        {
          "phrase": "what do you need done",
          "dialouge_num": 3,
          "quest": -1
        },
        {
          "phrase": "My mom always said not to talk to naked strangers bye",
          "dialouge_num": -1,
          "quest": -1
        }
      ],
      "hand_num": -1,
      "amount": 0
    },
    {
      "phrase": "I really need a veggie press",
      "replies": [
        {
          "phrase": "Consider it done",
          "dialouge_num": 4,
          "quest": {"name": "veggie press for Ishmil", "goals": [{"class": "HaveGoal", "item_name": "Veggie Press", "amount": 1}], "days": 10, "reward_item": {"num": 33, "amount": 1}, "reward_coins": 0}
         
        },
        {
          "phrase": "maybe another time",
          "dialouge_num": -1,
          "quest": -1
        }
      ],
      "hand_num": -1,
      "amount": 0
    },
    {
      "phrase": "As promised, here you go!",
      "replies": [
        {
          "phrase": "Thanks!",
          "dialouge_num": -1,
          "quest": -1
        },
        {
          "phrase": "Much appreciated!",
          "dialouge_num": -1,
          "quest": -1
        }
      ],
      "hand_num": 0,
      "amount": 1
    }
  ],
  "David": [
    {
      "phrase": "Hi, im David",
      "replies": [
        {
          "phrase": "Hi, David",
          "dialouge_num": 1,
          "quest": -1
        },
        {
          "phrase": "Bye",
          "dialouge_num": -1,
          "quest": -1
        }
      ],
      "hand_num": -1,
      "amount": 0
    },
    {
      "phrase": "If you look really closely you can see frogs jumping around, for some reason nobody ever steps on them",
      "replies": [
        {
          "phrase": "Ouu.",
          "dialouge_num": -1,
          "quest": -1
        },
        {
          "phrase": "Bye.",
          "dialouge_num": -1,
          "quest": -1
        }
      ],
      "hand_num": -1,
      "amount": 0
    }
  ],
  "Adam": [
    {
      "phrase": "I'm already late for my business appointment, I guess the restaurant to the left will do, they sell big plates of food",
      "replies": [
        {
          "phrase": "A big plate of food sounds really good.",
          "dialouge_num": -1,
          "quest": -1
        }
      ],
      "hand_num": -1,
      "amount": 0
    }
  ],
  "Barry": [
    {
      "phrase": "Hi, I'm Barry",
      "replies": [
        {
          "phrase": "Hi Barry.",
          "dialouge_num": 1,
          "quest": -1
        },
        {
          "phrase": "Bye.",
          "dialouge_num": -1,
          "quest": -1
        }
      ],
      "hand_num": -1,
      "amount": 0
    },
    {
      "phrase": "I can't wait for the skate park to be done",
      "replies": [
        {
          "phrase": "Me too.",
          "dialouge_num": 2,
          "quest": -1
        },
        {
          "phrase": "Bye.",
          "dialouge_num": -1,
          "quest": -1
        }
      ],
      "hand_num": -1,
      "amount": 0
    },
        {
      "phrase": "Man I am hungry I have had like 8 hotdogs today",
      "replies": [
        {
          "phrase": "Ew that can't be healthy",
          "dialouge_num": 3,
          "quest": -1
        },
        {
          "phrase": "good luck with that.",
          "dialouge_num": -1,
          "quest": -1
        }
      ],
      "hand_num": -1,
      "amount": 0
    },
        {
      "phrase": "Yea thank god for socialized medicine ",
      "replies": [
        {
          "phrase": "amen to that brother",
          "dialouge_num": -1,
          "quest": -1
        },
        {
          "phrase": "There is no god :(.",
          "dialouge_num": -1,
          "quest": -1
        }
      ],
      "hand_num": -1,
      "amount": 0
    }
  ],
  "Mr.C": [
    {
      "phrase": "I'm gonna buy this place and make all the buildings even taller, so yall better move out my way!",
      "replies": [
        {
          "phrase": "How much are you buying it for?",
          "dialouge_num": 1,
          "quest": -1
        }
      ],
      "hand_num": -1,
      "amount": 0
    },
    {
      "phrase": "It's gonna cost me $10,000 and there is no way you people are gonna be able to make that much! Not even in 100 days.",
      "replies": [
        {
          "phrase": "You'll see.",
          "dialouge_num": -1,
          "quest": -1
        }
      ],
      "hand_num": -1,
      "amount": 0
    },
    {
      "phrase": "I really don't even care you guys are losers",
      "replies": [
        {
          "phrase": "Sure.",
          "dialouge_num": -1,
          "quest": -1
        }
      ],
      "hand_num": -1,
      "amount": 0
    },
    {
      "phrase": "Y'all better start packing cause imma come wrecking",
      "replies": [
        {
          "phrase": "*sigh*",
          "dialouge_num": -1,
          "quest": -1
        }
      ],
      "hand_num": -1,
      "amount": 0
    }
  ],
  "Dog": [
    {
      "phrase": "Bark!",
      "replies": [
        {
          "phrase": "Good dog!",
          "dialouge_num": 1,
          "quest": -1
        },
        {
          "phrase": "See ya.",
          "dialouge_num": -1,
          "quest": -1
        }
      ],
      "hand_num": -1,
      "amount": 0
    },
    {
      "phrase": "Arf arf!",
      "replies": [
        {
          "phrase": "Who's a good pup?",
          "dialouge_num": -1,
          "quest": -1
        }
      ],
      "hand_num": -1,
      "amount": 0
    }
  ],
  "Ticket Master": [
    {
      "phrase": "Hi.",
      "replies": [
        {
          "phrase": "Hi.",
          "dialouge_num": -1,
          "quest": -1
        }
      ],
      "hand_num": -1,
      "amount": 0
    }
  ],
  "Sarah": [
    {
      "phrase": "Hi! I'm Sarah, a fashion designer. I love helping people express their style in the big city!",
      "replies": [
        {
          "phrase": "What kind of fashion do you design?",
          "dialouge_num": 1,
          "quest": -1
        },
        {
          "phrase": "Fashion sounds interesting.",
          "dialouge_num": 2,
          "quest": -1
        },
        {
          "phrase": "See you around!",
          "dialouge_num": -1,
          "quest": -1
        }
      ],
      "hand_num": -1,
      "amount": 0
    },
    {
      "phrase": "Everything from casual streetwear to elegant evening wear. I believe everyone deserves to feel confident in what they wear!",
      "replies": [
        {
          "phrase": "That's cool!",
          "dialouge_num": -1,
          "quest": -1
        }
      ],
      "hand_num": -1,
      "amount": 0
    },
    {
      "phrase": "Fashion is my passion! It's all about creativity and making people feel good about themselves.",
      "replies": [
        {
          "phrase": "I appreciate that.",
          "dialouge_num": -1,
          "quest": -1
        }
      ],
      "hand_num": -1,
      "amount": 0
    }
  ],
  "Elena": [
    {
      "phrase": "Hello! I'm Elena, a street artist. I create murals all over the city to bring color and life to these walls!",
      "replies": [
        {
          "phrase": "Your art is amazing!",
          "dialouge_num": 1,
          "quest": -1
        },
        {
          "phrase": "What inspires your art?",
          "dialouge_num": 2,
          "quest": -1
        },
        {
          "phrase": "Great meeting you!",
          "dialouge_num": -1,
          "quest": -1
        }
      ],
      "hand_num": -1,
      "amount": 0
    },
    {
      "phrase": "Thank you so much! That means a lot. I believe art should be accessible to everyone.",
      "replies": [
        {
          "phrase": "I agree!",
          "dialouge_num": -1,
          "quest": -1
        }
      ],
      "hand_num": -1,
      "amount": 0
    },
    {
      "phrase": "Everything around me! The people, the buildings, nature... the city is full of stories waiting to be painted.",
      "replies": [
        {
          "phrase": "That's beautiful.",
          "dialouge_num": -1,
          "quest": -1
        }
      ],
      "hand_num": -1,
      "amount": 0
    }
  ],
  "Thomas": [
    {
      "phrase": "Hey, I'm Thomas, a taxi driver. Been driving around this city for years—I know every street!",
      "replies": [
        {
          "phrase": "Need a ride?",
          "dialouge_num": 1,
          "quest": -1
        },
        {
          "phrase": "You seem experienced.",
          "dialouge_num": 2,
          "quest": -1
        },
        {
          "phrase": "Take care!",
          "dialouge_num": -1,
          "quest": -1
        }
      ],
      "hand_num": -1,
      "amount": 0
    },
    {
      "phrase": "Always! Fair rates and safe rides. That's my motto.",
      "replies": [
        {
          "phrase": "Sounds good!",
          "dialouge_num": -1,
          "quest": -1
        }
      ],
      "hand_num": -1,
      "amount": 0
    },
    {
      "phrase": "You bet! I've picked up people from all walks of life. Each person has their own story.",
      "replies": [
        {
          "phrase": "I'd love to hear some stories!",
          "dialouge_num": -1,
          "quest": -1
        }
      ],
      "hand_num": -1,
      "amount": 0
    }
  ],
  "Victoria": [
    {
      "phrase": "Welcome! I'm Victoria, owner of the upscale restaurant here. We serve gourmet cuisine!",
      "replies": [
        {
          "phrase": "What's your specialty?",
          "dialouge_num": 1,
          "quest": -1
        },
        {
          "phrase": "Looks fancy!",
          "dialouge_num": 2,
          "quest": -1
        },
        {
          "phrase": "Maybe another time.",
          "dialouge_num": -1,
          "quest": -1
        }
      ],
      "hand_num": -1,
      "amount": 0
    },
    {
      "phrase": "We specialize in French and Italian cuisine, all prepared with the finest ingredients.",
      "replies": [
        {
          "phrase": "Sounds delicious!",
          "dialouge_num": -1,
          "quest": -1
        }
      ],
      "hand_num": -1,
      "amount": 0
    },
    {
      "phrase": "It is! Elegance and quality are our standards. Come dine with us sometime!",
      "replies": [
        {
          "phrase": "I will!",
          "dialouge_num": -1,
          "quest": -1
        }
      ],
      "hand_num": -1,
      "amount": 0
    }
  ],
  "Dante": [
    {
      "phrase": "Ciao! I'm Dante, head chef. I prepare the finest dishes in the city!",
      "replies": [
        {
          "phrase": "What do you cook?",
          "dialouge_num": 1,
          "quest": -1
        },
        {
          "phrase": "You seem passionate!",
          "dialouge_num": -1,
          "quest": -1
        }
      ],
      "hand_num": -1,
      "amount": 0
    },
    {
      "phrase": "Modern fusion cuisine! I blend traditional techniques with creative new flavors. Every dish is an experience!",
      "replies": [
        {
          "phrase": "Impressive!",
          "dialouge_num": -1,
          "quest": -1
        }
      ],
      "hand_num": -1,
      "amount": 0
    }
  ],
  "Kai": [
    {
      "phrase": "Hello! I'm Kai, a city guide and travel blogger. I help visitors discover the best of the city!",
      "replies": [
        {
          "phrase": "Show me around?",
          "dialouge_num": 1,
          "quest": -1
        },
        {
          "phrase": "What's your favorite spot?",
          "dialouge_num": 2,
          "quest": -1
        },
        {
          "phrase": "Thanks, maybe later!",
          "dialouge_num": -1,
          "quest": -1
        }
      ],
      "hand_num": -1,
      "amount": 0
    },
    {
      "phrase": "Sure! Start with the markets, hit up a local cafe, catch some street art, and enjoy the evening energy!",
      "replies": [
        {
          "phrase": "Sounds perfect!",
          "dialouge_num": -1,
          "quest": -1
        }
      ],
      "hand_num": -1,
      "amount": 0
    },
    {
      "phrase": "The hidden rooftop gardens! Most tourists miss them, but they're peaceful and beautiful.",
      "replies": [
        {
          "phrase": "I'll check them out!",
          "dialouge_num": -1,
          "quest": -1
        }
      ],
      "hand_num": -1,
      "amount": 0
    }
  ],
  "Sarah": [
    {
      "phrase": "Welcome to Sarah's Fashion Boutique! I design the most stylish clothes in the Big City.",
      "replies": [
        {
          "phrase": "I'd love to see your collection!",
          "dialouge_num": 1,
          "quest": -1
        },
        {
          "phrase": "Do you have any work for me?",
          "dialouge_num": 2,
          "quest": -1
        },
        {
          "phrase": "Bye!",
          "dialouge_num": -1,
          "quest": -1
        }
      ],
      "hand_num": -1,
      "amount": 0
    },
    {
      "phrase": "I have the latest fashion magazines, designer clothes, business suits, and briefcases. Perfect for the sophisticated city lifestyle!",
      "replies": [
        {
          "phrase": "I'll take a look at your shop.",
          "dialouge_num": -1,
          "quest": -1
        },
        {
          "phrase": "What kind of work do you have?",
          "dialouge_num": 2,
          "quest": -1
        }
      ],
      "hand_num": -1,
      "amount": 0
    },
    {
      "phrase": "Actually, I'm preparing for Fashion Week and need someone to help gather materials. Can you collect 50 vegetables for my organic fabric dyes?",
      "replies": [
        {
          "phrase": "I'll help you with Fashion Week preparations!",
          "dialouge_num": 3,
          "quest": -1
        },
        {
          "phrase": "That sounds like too much work.",
          "dialouge_num": -1,
          "quest": -1
        }
      ],
      "hand_num": -1,
      "amount": 0
    },
    {
      "phrase": "Wonderful! I'll need various vegetables - corn, tomatoes, strawberries, anything from your farm. You have 7 days to collect them!",
      "replies": [
        {
          "phrase": "Consider it done!",
          "dialouge_num": -1,
          "quest": {"name": "Fashion Week Preparation", "goals": [{"class": "SellGoal", "item_name": "Vegetables", "amount": 50}], "days": 7, "reward_item": {"num": 45, "amount": 1}, "reward_coins": 100}
        },
        {
          "phrase": "Maybe I should think about this more.",
          "dialouge_num": -1,
          "quest": -1
        }
      ],
      "hand_num": -1,
      "amount": 0
    },
    {
      "phrase": "Thank you so much! These organic dyes will make my designs stand out at Fashion Week. Here's a designer outfit as your reward!",
      "replies": [
        {
          "phrase": "Thank you! I can't wait to see your designs.",
          "dialouge_num": -1,
          "quest": -1
        }
      ],
      "hand_num": -1,
      "amount": 0
    }
  ],
  "Dante": [
    {
      "phrase": "Welcome to Dante's Fine Dining! I serve the most exquisite full course meals in the city.",
      "replies": [
        {
          "phrase": "What's on the menu?",
          "dialouge_num": 1,
          "quest": -1
        },
        {
          "phrase": "Any business opportunities?",
          "dialouge_num": 2,
          "quest": -1
        },
        {
          "phrase": "Just looking around.",
          "dialouge_num": -1,
          "quest": -1
        }
      ],
      "hand_num": -1,
      "amount": 0
    },
    {
      "phrase": "I offer gourmet meals, full course dinners, fine wines, and fresh corn. Everything a discerning palate could desire!",
      "replies": [
        {
          "phrase": "That sounds amazing! I'll check your selection.",
          "dialouge_num": -1,
          "quest": -1
        },
        {
          "phrase": "What kind of opportunities?",
          "dialouge_num": 2,
          "quest": -1
        }
      ],
      "hand_num": -1,
      "amount": 0
    },
    {
      "phrase": "I'm planning to expand my restaurant chain across the region. I need someone to establish supply routes - can you prove your reliability by earning 200 coins?",
      "replies": [
        {
          "phrase": "I'm interested in the restaurant expansion plan!",
          "dialouge_num": 3,
          "quest": -1
        },
        {
          "phrase": "That's beyond my capabilities right now.",
          "dialouge_num": -1,
          "quest": -1
        }
      ],
      "hand_num": -1,
      "amount": 0
    },
    {
      "phrase": "Show me you can handle serious business by earning 200 coins in 10 days. This will prove you're ready for restaurant management!",
      "replies": [
        {
          "phrase": "I accept this business challenge!",
          "dialouge_num": -1,
          "quest": {"name": "Restaurant Chain Expansion", "goals": [{"class": "FundingGoal", "amount": 200}], "days": 10, "reward_item": {"num": 13, "amount": 2}, "reward_coins": 150}
        },
        {
          "phrase": "This is too much responsibility.",
          "dialouge_num": -1,
          "quest": -1
        }
      ],
      "hand_num": -1,
      "amount": 0
    },
    {
      "phrase": "Outstanding! You have the business acumen I'm looking for. Here are some fine wines and coins to start our partnership!",
      "replies": [
        {
          "phrase": "I look forward to our business partnership!",
          "dialouge_num": -1,
          "quest": -1
        }
      ],
      "hand_num": -1,
      "amount": 0
    }
  ],
  "Elena": [
    {
      "phrase": "Hi! I'm Elena, the street artist. I capture the soul of the Big City in my paintings.",
      "replies": [
        {
          "phrase": "I'd love to see your art!",
          "dialouge_num": 1,
          "quest": -1
        },
        {
          "phrase": "Do you need any help with your art?",
          "dialouge_num": 2,
          "quest": -1
        },
        {
          "phrase": "Nice to meet you.",
          "dialouge_num": -1,
          "quest": -1
        }
      ],
      "hand_num": -1,
      "amount": 0
    },
    {
      "phrase": "I sell art supplies and finished paintings. Every piece tells a story about city life!",
      "replies": [
        {
          "phrase": "I'd love to buy some art!",
          "dialouge_num": -1,
          "quest": -1
        },
        {
          "phrase": "How can I help with your art?",
          "dialouge_num": 2,
          "quest": -1
        }
      ],
      "hand_num": -1,
      "amount": 0
    },
    {
      "phrase": "I'm planning a city art exhibition but I'm running low on supplies. Could you help me gather some materials?",
      "replies": [
        {
          "phrase": "I'd love to help with your art exhibition!",
          "dialouge_num": 3,
          "quest": -1
        },
        {
          "phrase": "I don't know much about art.",
          "dialouge_num": -1,
          "quest": -1
        }
      ],
      "hand_num": -1,
      "amount": 0
    },
    {
      "phrase": "I need someone to collect 25 items from around the city - visit different locations and bring back interesting objects for my art installation!",
      "replies": [
        {
          "phrase": "I'll help collect materials for your installation!",
          "dialouge_num": -1,
          "quest": {"name": "City Art Exhibition", "goals": [{"class": "LocationGoal", "level_name": "The Big City"}, {"class": "HaveGoal", "item_name": "Any", "amount": 25}], "days": 6, "reward_item": {"num": 35, "amount": 1}, "reward_coins": 80}
        },
        {
          "phrase": "That sounds complicated.",
          "dialouge_num": -1,
          "quest": -1
        }
      ],
      "hand_num": -1,
      "amount": 0
    },
    {
      "phrase": "Thank you! These materials will create an amazing installation. Here's one of my paintings as thanks!",
      "replies": [
        {
          "phrase": "I'm honored to have one of your paintings!",
          "dialouge_num": -1,
          "quest": -1
        }
      ],
      "hand_num": -1,
      "amount": 0
    }
  ],
  "Thomas": [
    {
      "phrase": "Need a ride? I'm Thomas, your reliable taxi driver for the Big City!",
      "replies": [
        {
          "phrase": "Where can you take me?",
          "dialouge_num": 1,
          "quest": -1
        },
        {
          "phrase": "Looking for transportation work?",
          "dialouge_num": 2,
          "quest": -1
        },
        {
          "phrase": "Just looking around.",
          "dialouge_num": -1,
          "quest": -1
        }
      ],
      "hand_num": -1,
      "amount": 0
    },
    {
      "phrase": "I provide taxi fares for quick trips around the city. Much faster than walking!",
      "replies": [
        {
          "phrase": "I'll take a taxi fare!",
          "dialouge_num": -1,
          "quest": -1
        },
        {
          "phrase": "What kind of transportation work?",
          "dialouge_num": 2,
          "quest": -1
        }
      ],
      "hand_num": -1,
      "amount": 0
    },
    {
      "phrase": "I'm looking to expand my taxi service to other areas. First, I need to build trust with city residents - can you make 10 trips around different parts of the city?",
      "replies": [
        {
          "phrase": "I'll help test your city transportation routes!",
          "dialouge_num": 3,
          "quest": -1
        },
        {
          "phrase": "I'm not really interested in taxi work.",
          "dialouge_num": -1,
          "quest": -1
        }
      ],
      "hand_num": -1,
      "amount": 0
    },
    {
      "phrase": "Visit different areas of the city and surrounding regions to help me map out efficient routes. Complete this in 8 days!",
      "replies": [
        {
          "phrase": "I'll be your route tester!",
          "dialouge_num": -1,
          "quest": {"name": "City Transportation Network", "goals": [{"class": "LocationGoal", "level_name": "The Big City"}, {"class": "LocationGoal", "level_name": "Cloudy Meadows"}, {"class": "LocationGoal", "level_name": "Beach"}], "days": 8, "reward_item": {"num": 35, "amount": 5}, "reward_coins": 60}
        },
        {
          "phrase": "This seems too involved.",
          "dialouge_num": -1,
          "quest": -1
        }
      ],
      "hand_num": -1,
      "amount": 0
    },
    {
      "phrase": "Excellent work! You've helped me map out great routes. Here are some complimentary taxi fares as thanks!",
      "replies": [
        {
          "phrase": "Thanks! I'll use these for future trips.",
          "dialouge_num": -1,
          "quest": -1
        }
      ],
      "hand_num": -1,
      "amount": 0
    }
  ],
  "Victoria": [
    {
      "phrase": "Greetings. I'm Victoria, a tech entrepreneur and business consultant.",
      "replies": [
        {
          "phrase": "What kind of business do you do?",
          "dialouge_num": 1,
          "quest": -1
        },
        {
          "phrase": "Any investment opportunities?",
          "dialouge_num": 2,
          "quest": -1
        },
        {
          "phrase": "Nice to meet you.",
          "dialouge_num": -1,
          "quest": -1
        }
      ],
      "hand_num": -1,
      "amount": 0
    },
    {
      "phrase": "I deal in technology - smartphones, laptops, and digital infrastructure for modern businesses.",
      "replies": [
        {
          "phrase": "I'm interested in your technology products!",
          "dialouge_num": -1,
          "quest": -1
        },
        {
          "phrase": "What investment opportunities?",
          "dialouge_num": 2,
          "quest": -1
        }
      ],
      "hand_num": -1,
      "amount": 0
    },
    {
      "phrase": "I'm launching a startup incubator for city entrepreneurs. I need someone with proven business sense - earn 300 coins to show you're ready for entrepreneurship!",
      "replies": [
        {
          "phrase": "I'm ready for the entrepreneurship challenge!",
          "dialouge_num": 3,
          "quest": -1
        },
        {
          "phrase": "That's way beyond my current level.",
          "dialouge_num": -1,
          "quest": -1
        }
      ],
      "hand_num": -1,
      "amount": 0
    },
    {
      "phrase": "Prove your business acumen by earning 300 coins in 12 days. This will qualify you for my startup program!",
      "replies": [
        {
          "phrase": "I accept this entrepreneurship challenge!",
          "dialouge_num": -1,
          "quest": {"name": "Tech Startup Incubator", "goals": [{"class": "FundingGoal", "amount": 300}], "days": 12, "reward_item": {"num": 33, "amount": 1}, "reward_coins": 200}
        },
        {
          "phrase": "This is too advanced for me.",
          "dialouge_num": -1,
          "quest": -1
        }
      ],
      "hand_num": -1,
      "amount": 0
    },
    {
      "phrase": "Impressive! You have what it takes to succeed in business. Here's a smartphone to get you started in the tech world!",
      "replies": [
        {
          "phrase": "Thank you! I'm excited about this opportunity.",
          "dialouge_num": -1,
          "quest": -1
        }
      ],
      "hand_num": -1,
      "amount": 0
    }
  ],
  "Kai": [
    {
      "phrase": "Hey! I'm Kai, the official Big City tour guide. I know all the best spots in town!",
      "replies": [
        {
          "phrase": "What can you show me?",
          "dialouge_num": 1,
          "quest": -1
        },
        {
          "phrase": "Any tour guide opportunities?",
          "dialouge_num": 2,
          "quest": -1
        },
        {
          "phrase": "Just exploring.",
          "dialouge_num": -1,
          "quest": -1
        }
      ],
      "hand_num": -1,
      "amount": 0
    },
    {
      "phrase": "I sell city maps, concert tickets, and museum passes. I can show you all the hidden gems and popular attractions!",
      "replies": [
        {
          "phrase": "I'd like to buy a city map!",
          "dialouge_num": -1,
          "quest": -1
        },
        {
          "phrase": "What tour guide opportunities?",
          "dialouge_num": 2,
          "quest": -1
        }
      ],
      "hand_num": -1,
      "amount": 0
    },
    {
      "phrase": "I'm organizing a city tourism campaign. I need someone to help promote local attractions - can you visit 15 different locations to gather information for tour materials?",
      "replies": [
        {
          "phrase": "I'd love to help with the tourism campaign!",
          "dialouge_num": 3,
          "quest": -1
        },
        {
          "phrase": "That sounds like too much travel.",
          "dialouge_num": -1,
          "quest": -1
        }
      ],
      "hand_num": -1,
      "amount": 0
    },
    {
      "phrase": "Explore various locations around the city and surrounding areas to help me create comprehensive tour materials. You have 9 days!",
      "replies": [
        {
          "phrase": "I'll help promote the city's attractions!",
          "dialouge_num": -1,
          "quest": {"name": "City Tourism Campaign", "goals": [{"class": "LocationGoal", "level_name": "The Big City"}, {"class": "LocationGoal", "level_name": "Beach"}, {"class": "LocationGoal", "level_name": "Cloudy Meadows"}], "days": 9, "reward_item": {"num": 36, "amount": 2}, "reward_coins": 90}
        },
        {
          "phrase": "This seems too involved.",
          "dialouge_num": -1,
          "quest": -1
        }
      ],
      "hand_num": -1,
      "amount": 0
    },
    {
      "phrase": "Fantastic! Your help will make the tourism campaign a success. Here are some museum passes as thanks!",
      "replies": [
        {
          "phrase": "Thank you! I'll use these passes to explore more.",
          "dialouge_num": -1,
          "quest": -1
        }
      ],
      "hand_num": -1,
      "amount": 0
    }
  ],
  "Coral": [
    {
      "phrase": "Hey dude! I'm Coral, and I basically live on my surfboard!",
      "replies": [
        {
          "phrase": "That sounds awesome! Do you surf every day?",
          "dialouge_num": 1,
          "quest": -1
        },
        {
          "phrase": "Can you teach me about surfing?",
          "dialouge_num": 2,
          "quest": -1
        },
        {
          "phrase": "Cool, see you around!",
          "dialouge_num": -1,
          "quest": -1
        }
      ],
      "hand_num": -1,
      "amount": 0
    },
    {
      "phrase": "For sure! The waves here are totally radical. Best time is early morning when the sun's just coming up!",
      "replies": [
        {
          "phrase": "Tell me more about the beach!",
          "dialouge_num": 3,
          "quest": -1
        },
        {
          "phrase": "Maybe I'll try surfing sometime.",
          "dialouge_num": -1,
          "quest": -1
        }
      ],
      "hand_num": -1,
      "amount": 0
    },
    {
      "phrase": "Surfing's all about balance and reading the waves. But first, you gotta respect the ocean!",
      "replies": [
        {
          "phrase": "What do you mean by respecting the ocean?",
          "dialouge_num": 3,
          "quest": -1
        },
        {
          "phrase": "Sounds deep, thanks!",
          "dialouge_num": -1,
          "quest": -1
        }
      ],
      "hand_num": -1,
      "amount": 0
    },
    {
      "phrase": "The ocean gives us so much - waves, fish, good vibes. We gotta keep it clean! Hey, can you help me with something?",
      "replies": [
        {
          "phrase": "Sure, what do you need?",
          "dialouge_num": 4,
          "quest": -1
        },
        {
          "phrase": "Maybe later.",
          "dialouge_num": -1,
          "quest": -1
        }
      ],
      "hand_num": -1,
      "amount": 0
    },
    {
      "phrase": "I want to organize a beach cleanup, but I need some supplies. Can you bring me 15 vegetables? I'll trade them for stuff to make snacks for volunteers!",
      "replies": [
        {
          "phrase": "I'll help with the beach cleanup!",
          "dialouge_num": -1,
          "quest": {"name": "Beach Cleanup Party", "goals": [{"class": "TalkingGoal", "npc_name": "Coral", "item_name": "Vegetables", "amount": 15}], "days": 5, "reward_item": {"num": 7, "amount": 10}, "reward_coins": 60}
        },
        {
          "phrase": "That's a lot of vegetables...",
          "dialouge_num": -1,
          "quest": -1
        }
      ],
      "hand_num": -1,
      "amount": 0
    },
    {
      "phrase": "You're the best! The beach is gonna be so clean now. Here are some fish I caught this morning - fresh from the ocean!",
      "replies": [
        {
          "phrase": "Thanks Coral! Keep catching those waves!",
          "dialouge_num": -1,
          "quest": -1
        },
        {
          "phrase": "Happy to help!",
          "dialouge_num": -1,
          "quest": -1
        }
      ],
      "hand_num": 0,
      "amount": 5
    }
  ],
  "Fisher Joe": [
    {
      "phrase": "Ahoy there! Name's Fisher Joe. Been fishing these waters for 40 years!",
      "replies": [
        {
          "phrase": "Wow, that's a long time! Any good stories?",
          "dialouge_num": 1,
          "quest": -1
        },
        {
          "phrase": "Can you teach me about fishing?",
          "dialouge_num": 2,
          "quest": -1
        },
        {
          "phrase": "Nice to meet you!",
          "dialouge_num": -1,
          "quest": -1
        }
      ],
      "hand_num": -1,
      "amount": 0
    },
    {
      "phrase": "Oh, I got stories for days! Once caught a fish so big it nearly pulled me right into the water! But the real treasure is the peace and quiet out here.",
      "replies": [
        {
          "phrase": "Sounds amazing! Tell me more about fishing.",
          "dialouge_num": 2,
          "quest": -1
        },
        {
          "phrase": "That's quite a tale!",
          "dialouge_num": -1,
          "quest": -1
        }
      ],
      "hand_num": -1,
      "amount": 0
    },
    {
      "phrase": "Fishing's simple - patience, the right bait, and knowing when to reel 'em in. The swimming and fishing here at the beach is perfect for it!",
      "replies": [
        {
          "phrase": "Do you need any help?",
          "dialouge_num": 3,
          "quest": -1
        },
        {
          "phrase": "I'll give it a try sometime.",
          "dialouge_num": -1,
          "quest": -1
        }
      ],
      "hand_num": -1,
      "amount": 0
    },
    {
      "phrase": "Actually, yeah! My old fishing net broke and I need materials to fix it. Can you bring me 20 units of any items? I'll make it worth your while!",
      "replies": [
        {
          "phrase": "I'll help you fix your fishing net!",
          "dialouge_num": -1,
          "quest": {"name": "Fisher Joe's Net", "goals": [{"class": "TalkingGoal", "npc_name": "Fisher Joe", "item_name": "Any", "amount": 20}], "days": 6, "reward_item": {"num": 17, "amount": 5}, "reward_coins": 75}
        },
        {
          "phrase": "I don't have time right now.",
          "dialouge_num": -1,
          "quest": -1
        }
      ],
      "hand_num": -1,
      "amount": 0
    },
    {
      "phrase": "You're a good soul! My net's all fixed up now. Here, take these rare fish - caught 'em just this morning!",
      "replies": [
        {
          "phrase": "Thanks Joe! Good luck with your fishing!",
          "dialouge_num": -1,
          "quest": -1
        },
        {
          "phrase": "Always happy to help!",
          "dialouge_num": -1,
          "quest": -1
        }
      ],
      "hand_num": 0,
      "amount": 3
    }
  ],
  "Sandy": [
    {
      "phrase": "Hi! I'm Sandy! I love collecting seashells and building sandcastles on the beach!",
      "replies": [
        {
          "phrase": "That sounds fun! What kind of shells do you collect?",
          "dialouge_num": 1,
          "quest": -1
        },
        {
          "phrase": "Do you come here often?",
          "dialouge_num": 2,
          "quest": -1
        },
        {
          "phrase": "Have fun!",
          "dialouge_num": -1,
          "quest": -1
        }
      ],
      "hand_num": -1,
      "amount": 0
    },
    {
      "phrase": "All kinds! Spiral shells, clam shells, even some really rare ones that wash up after storms. Each one tells a story of the ocean!",
      "replies": [
        {
          "phrase": "That's beautiful! Can I help with anything?",
          "dialouge_num": 3,
          "quest": -1
        },
        {
          "phrase": "Cool hobby!",
          "dialouge_num": -1,
          "quest": -1
        }
      ],
      "hand_num": -1,
      "amount": 0
    },
    {
      "phrase": "Every single day! This beach is my happy place. I know every tide pool and hidden cove around here!",
      "replies": [
        {
          "phrase": "Can I help you with something?",
          "dialouge_num": 3,
          "quest": -1
        },
        {
          "phrase": "That's dedication!",
          "dialouge_num": -1,
          "quest": -1
        }
      ],
      "hand_num": -1,
      "amount": 0
    },
    {
      "phrase": "Actually, yes! I'm trying to visit all the amazing places around here. Can you show me around? Visit the Beach, the Big City, and Cloudy Meadows, then come back and tell me all about them!",
      "replies": [
        {
          "phrase": "I'd love to be your tour guide!",
          "dialouge_num": -1,
          "quest": {"name": "Sandy's Grand Tour", "goals": [{"class": "LocationGoal", "level_name": "Beach"}, {"class": "LocationGoal", "level_name": "The Big City"}, {"class": "LocationGoal", "level_name": "Cloudy Meadows: Home"}, {"class": "TalkingGoal", "npc_name": "Sandy", "required_location": "Beach"}], "days": 7, "reward_item": {"num": 11, "amount": 3}, "reward_coins": 50}
        },
        {
          "phrase": "That's a lot of traveling...",
          "dialouge_num": -1,
          "quest": -1
        }
      ],
      "hand_num": -1,
      "amount": 0
    },
    {
      "phrase": "Oh my gosh, thank you so much! I can't wait to hear all about your adventures! Here are some flowers I picked from around the beach!",
      "replies": [
        {
          "phrase": "Thanks Sandy! Enjoy exploring!",
          "dialouge_num": -1,
          "quest": -1
        },
        {
          "phrase": "It was my pleasure!",
          "dialouge_num": -1,
          "quest": -1
        }
      ],
      "hand_num": 0,
      "amount": 3
    }
  ],
  "Skipper": [
    {
      "phrase": "Yo! I'm Skipper, professional beach volleyball player and part-time lifeguard!",
      "replies": [
        {
          "phrase": "Beach volleyball sounds intense!",
          "dialouge_num": 1,
          "quest": -1
        },
        {
          "phrase": "How's life as a lifeguard?",
          "dialouge_num": 2,
          "quest": -1
        },
        {
          "phrase": "Catch you later!",
          "dialouge_num": -1,
          "quest": -1
        }
      ],
      "hand_num": -1,
      "amount": 0
    },
    {
      "phrase": "It's super intense! Great workout, amazing team dynamics, and nothing beats diving in the sand for an epic save!",
      "replies": [
        {
          "phrase": "Do you need help with anything?",
          "dialouge_num": 3,
          "quest": -1
        },
        {
          "phrase": "Sounds exhausting but fun!",
          "dialouge_num": -1,
          "quest": -1
        }
      ],
      "hand_num": -1,
      "amount": 0
    },
    {
      "phrase": "It's rewarding! Keeping everyone safe while they enjoy the beach. The sunset shifts are the best - so peaceful.",
      "replies": [
        {
          "phrase": "Need any help?",
          "dialouge_num": 3,
          "quest": -1
        },
        {
          "phrase": "Keep up the good work!",
          "dialouge_num": -1,
          "quest": -1
        }
      ],
      "hand_num": -1,
      "amount": 0
    },
    {
      "phrase": "Yeah, actually! We're hosting a big beach tournament and I need to stock up on snacks and refreshments. Can you bring me 25 fruits? Gotta keep the players energized!",
      "replies": [
        {
          "phrase": "I'll help supply the beach tournament!",
          "dialouge_num": -1,
          "quest": {"name": "Beach Tournament Prep", "goals": [{"class": "TalkingGoal", "npc_name": "Skipper", "item_name": "Fruits", "amount": 25}], "days": 6, "reward_item": {"num": 15, "amount": 8}, "reward_coins": 85}
        },
        {
          "phrase": "That's a lot of fruit...",
          "dialouge_num": -1,
          "quest": -1
        }
      ],
      "hand_num": -1,
      "amount": 0
    },
    {
      "phrase": "You're awesome! The tournament was a huge success thanks to you! Here are some fish - fresh catch of the day!",
      "replies": [
        {
          "phrase": "Thanks Skipper! Hope you won!",
          "dialouge_num": -1,
          "quest": -1
        },
        {
          "phrase": "Glad I could help!",
          "dialouge_num": -1,
          "quest": -1
        }
      ],
      "hand_num": 0,
      "amount": 4
    }
  ],
  "Alex Chen": [
    {
      "phrase": "Im burnt out from work 40 hours a week is driving me nuts im gonna crash out",
      "replies": [
        {
          "phrase": "What kind of business?",
          "dialouge_num": 1,
          "quest": -1
        },
        {
          "phrase": "Need help with anything?",
          "dialouge_num": 2,
          "quest": -1
        },
        {
          "phrase": "Nice to meet you!",
          "dialouge_num": -1,
          "quest": -1
        }
      ],
      "hand_num": -1,
      "amount": 0
    },
    {
      "phrase": "I run a logistics company here in the city. We ship goods all over. even when my crazy boss is too busy to care about the little guy like me",
      "replies": [
        {
          "phrase": "Sounds impressive!",
          "dialouge_num": -1,
          "quest": -1
        },
        {
          "phrase": "Nice—see you around.",
          "dialouge_num": -1,
          "quest": -1
        }
      ],
      "hand_num": -1,
      "amount": 0
    },
    {
      "phrase": "I'm always looking for good opportunities in the city. Maybe we can do business together!",
      "replies": [
        {
          "phrase": "What kind of opportunities?",
          "dialouge_num": 3,
          "quest": -1
        },
        {
          "phrase": "Maybe later",
          "dialouge_num": -1,
          "quest": -1
        }
      ],
      "hand_num": -1,
      "amount": 0
    },
    {
      "phrase": "Enjoy exploring the city—check out the markets, parks, and harbor. Lots to see!",
      "replies": [
        {
          "phrase": "I'll check it out!",
          "dialouge_num": -1,
          "quest": -1
        },
        {
          "phrase": "See you around",
          "dialouge_num": -1,
          "quest": -1
        }
      ],
      "hand_num": -1,
      "amount": 0
    }
  ],
  "Priya Patel": [
    {
      "phrase": "Hello! I'm Priya Patel, an artist here in the city. I create beautiful installations around town.",
      "replies": [
        {
          "phrase": "Your work is impressive!",
          "dialouge_num": 1,
          "quest": -1
        },
        {
          "phrase": "What kind of art?",
          "dialouge_num": 2,
          "quest": -1
        },
        {
          "phrase": "Goodbye",
          "dialouge_num": -1,
          "quest": -1
        }
      ],
      "hand_num": -1,
      "amount": 0
    },
    {
      "phrase": "Thank you! I love creating pieces that inspire people. Your encouragement means a lot!",
      "replies": [
        {
          "phrase": "Can I help you with something?",
          "dialouge_num": 3,
          "quest": -1
        },
        {
          "phrase": "I'm just browsing",
          "dialouge_num": -1,
          "quest": -1
        }
      ],
      "hand_num": -1,
      "amount": 0
    },
    {
      "phrase": "I create abstract sculptures and paintings that reflect the urban landscape. Very modern and bold!",
      "replies": [
        {
          "phrase": "Can I help you?",
          "dialouge_num": 3,
          "quest": -1
        },
        {
          "phrase": "Cool, see you around",
          "dialouge_num": -1,
          "quest": -1
        }
      ],
      "hand_num": -1,
      "amount": 0
    },
    {
      "phrase": "Actually, I'm organizing an art exhibition! I need to collect 30 creative items to display. Can you help gather supplies?",
      "replies": [
        {
          "phrase": "I'll help gather items for your exhibition!",
          "dialouge_num": -1,
          "quest": {"name": "Art Exhibition Collection", "goals": [{"class": "HaveGoal", "item_name": "Flower", "amount": 30}], "days": 7, "reward_item": {"num": 36, "amount": 5}, "reward_coins": 120}
        },
        {
          "phrase": "That sounds complicated",
          "dialouge_num": -1,
          "quest": -1
        }
      ],
      "hand_num": -1,
      "amount": 0
    }
  ],
  "Marcus Brown": [
    {
      "phrase": "Hey there! I'm Marcus Brown, a city councilman. Always working to make the city better!",
      "replies": [
        {
          "phrase": "What do you do exactly?",
          "dialouge_num": 1,
          "quest": -1
        },
        {
          "phrase": "Can you help me?",
          "dialouge_num": 2,
          "quest": -1
        },
        {
          "phrase": "Nice meeting you",
          "dialouge_num": -1,
          "quest": -1
        }
      ],
      "hand_num": -1,
      "amount": 0
    },
    {
      "phrase": "I'm responsible for city planning, infrastructure, and making sure everyone's happy. It's a lot of work!",
      "replies": [
        {
          "phrase": "What can I do to help?",
          "dialouge_num": 3,
          "quest": -1
        },
        {
          "phrase": "Sounds tough",
          "dialouge_num": -1,
          "quest": -1
        }
      ],
      "hand_num": -1,
      "amount": 0
    },
    {
      "phrase": "I'm always open to help! The city could use some community support to keep things running smoothly.",
      "replies": [
        {
          "phrase": "What do you need?",
          "dialouge_num": 3,
          "quest": -1
        },
        {
          "phrase": "Let me think about it",
          "dialouge_num": -1,
          "quest": -1
        }
      ],
      "hand_num": -1,
      "amount": 0
    },
    {
      "phrase": "We need funds to improve our city parks and public spaces. Can you help us raise 500 coins? Every bit helps make our city more beautiful!",
      "replies": [
        {
          "phrase": "I'll help fund the city improvements!",
          "dialouge_num": -1,
          "quest": {"name": "City Infrastructure Fund", "goals": [{"class": "FundingGoal", "amount": 500}], "days": 8, "reward_item": {"num": 35, "amount": 15}, "reward_coins": 150}
        },
        {
          "phrase": "That's a lot of coins",
          "dialouge_num": -1,
          "quest": -1
        }
      ],
      "hand_num": -1,
      "amount": 0
    }
  ],
  "Sophia Moore": [
    {
      "phrase": "Hi! I'm Sophia Moore, a chef and food critic. I love everything about food!",
      "replies": [
        {
          "phrase": "Tell me about food in the city",
          "dialouge_num": 1,
          "quest": -1
        },
        {
          "phrase": "What's your favorite food?",
          "dialouge_num": 2,
          "quest": -1
        },
        {
          "phrase": "Nice to meet you",
          "dialouge_num": -1,
          "quest": -1
        }
      ],
      "hand_num": -1,
      "amount": 0
    },
    {
      "phrase": "The Big City has amazing restaurants and food vendors. We have everything from street food to fine dining!",
      "replies": [
        {
          "phrase": "Can you help me with something?",
          "dialouge_num": 3,
          "quest": -1
        },
        {
          "phrase": "I'm getting hungry now!",
          "dialouge_num": -1,
          "quest": -1
        }
      ],
      "hand_num": -1,
      "amount": 0
    },
    {
      "phrase": "I absolutely love fresh vegetables and quality ingredients. Cooking with fresh produce is what makes food amazing!",
      "replies": [
        {
          "phrase": "Do you need help?",
          "dialouge_num": 3,
          "quest": -1
        },
        {
          "phrase": "Sounds delicious",
          "dialouge_num": -1,
          "quest": -1
        }
      ],
      "hand_num": -1,
      "amount": 0
    },
    {
      "phrase": "I'm planning a food festival for the city! I need quality vegetables for our cooking demonstrations. Can you bring me 40 vegetables?",
      "replies": [
        {
          "phrase": "I'll help with the food festival!",
          "dialouge_num": -1,
          "quest": {"name": "City Food Festival", "goals": [{"class": "TalkingGoal", "npc_name": "Sophia Moore", "item_name": "Vegetables", "amount": 40}], "days": 6, "reward_item": {"num": 2, "amount": 8}, "reward_coins": 110}
        },
        {
          "phrase": "That's a lot of vegetables",
          "dialouge_num": -1,
          "quest": -1
        }
      ],
      "hand_num": -1,
      "amount": 0
    }
  ],
  "Jordan Kim": [
    {
      "phrase": "Hey! I'm Jordan Kim, an environmentalist working to make the city more green and sustainable.",
      "replies": [
        {
          "phrase": "Tell me more about your work",
          "dialouge_num": 1,
          "quest": -1
        },
        {
          "phrase": "How can I help?",
          "dialouge_num": 2,
          "quest": -1
        },
        {
          "phrase": "That sounds great",
          "dialouge_num": -1,
          "quest": -1
        }
      ],
      "hand_num": -1,
      "amount": 0
    },
    {
      "phrase": "I'm promoting urban gardening and sustainability throughout the city. We're planting trees and creating green spaces everywhere!",
      "replies": [
        {
          "phrase": "Need any help with that?",
          "dialouge_num": 3,
          "quest": -1
        },
        {
          "phrase": "That's awesome",
          "dialouge_num": -1,
          "quest": -1
        }
      ],
      "hand_num": -1,
      "amount": 0
    },
    {
      "phrase": "Actually, I would really appreciate some help! We need supplies for our green initiatives.",
      "replies": [
        {
          "phrase": "What kind of supplies?",
          "dialouge_num": 3,
          "quest": -1
        },
        {
          "phrase": "Let me think about it",
          "dialouge_num": -1,
          "quest": -1
        }
      ],
      "hand_num": -1,
      "amount": 0
    },
    {
      "phrase": "We need compost and gardening tools to plant trees around the city. Can you bring us 60 compost and 20 tools? It would help make the city greener!",
      "replies": [
        {
          "phrase": "I'll help make the city greener!",
          "dialouge_num": -1,
          "quest": {"name": "Urban Greening Initiative", "goals": [{"class": "HaveGoal", "item_name": "Compost", "amount": 60}, {"class": "HaveGoal", "item_name": "Hoe", "amount": 20}], "days": 9, "reward_item": {"num": 13, "amount": 5}, "reward_coins": 130}
        },
        {
          "phrase": "That's quite a bit",
          "dialouge_num": -1,
          "quest": -1
        }
      ],
      "hand_num": -1,
      "amount": 0
    }
  ]
  ,
  "Kiah": [
    {
      "phrase": "Hi! I'm Kiah. I love exploring the Big City and finding great food spots.",
      "replies": [
        { "phrase": "Nice to meet you, Kiah!", "dialouge_num": 1, "quest": -1 },
        { "phrase": "Enjoy the city!", "dialouge_num": -1, "quest": -1 }
      ],
      "hand_num": -1,
      "amount": 0
    },
    {
      "phrase": "If you're hungry, try the local markets and cafes—fresh veggies and fruit everywhere!",
      "replies": [
        { "phrase": "Thanks for the tip!", "dialouge_num": -1, "quest": -1 }
      ],
      "hand_num": -1,
      "amount": 0
    }
  ]
}
 

